<?xml version="1.0" encoding="ISO-8859-1"?>
<aiml>
    <category>
        <pattern>DIALOG HISTORY *</pattern>
        <template>
            <think>
                <set name="input4">
                    <input index="4"/>
                </set>
                <set name="input3">
                    <input index="3"/>
                </set>
                <set name="input2">
                    <input index="2"/>
                </set>
                <set name="input1">
                    <input/>
                </set>
            </think>

            <condition name="input4" value="*">
                <br/>
                <b>
                    <em>
                        Human:
                        <input index="4"/>
                    </em>
                </b>
                <br/>
                <b><star/>:
                    <em>
                        <that index="4,*"/>
                    </em>
                </b>
            </condition>

            <condition name="input3" value="*">
                <br/>
                <b>
                    <em>
                        Human:
                        <input index="3"/>
                    </em>
                </b>
                <br/>
                <b><star/>:
                    <em>
                        <that index="3,*"/>
                    </em>
                </b>
            </condition>


            <condition name="input2" value="*">
                <br/>
                <b>
                    <em>
                        Human:
                        <input index="2"/>
                    </em>
                </b>
                <br/>
                <b><star/>:
                    <em>
                        <that index="2,*"/>
                    </em>
                </b>
            </condition>


            <condition name="input1" value="*">
                <br/>
                <b>
                    <em>
                        Human:
                        <input index="1"/>
                    </em>
                </b>
                <br/>
                <b><star/>:
                    <em>
                        <that index="1,*"/>
                    </em>
                </b>
            </condition>
        </template>
    </category>


    <category>
        <pattern>DIALOG HISTORY</pattern>
        <template>
            <think>
                <set name="input4">
                    <input index="4"/>
                </set>
                <set name="input3">
                    <input index="3"/>
                </set>
                <set name="input2">
                    <input index="2"/>
                </set>
                <set name="input1">
                    <input/>
                </set>
            </think>

            <condition name="input4" value="*">
                <br/>
                <b>
                    <em>
                        Human:
                        <input index="4"/>
                    </em>
                </b>
                <br/>
                <b>ALICE:
                    <em>
                        <that index="4,*"/>
                    </em>
                </b>
            </condition>

            <condition name="input3" value="*">
                <br/>
                <b>
                    <em>
                        Human:
                        <input index="3"/>
                    </em>
                </b>
                <br/>
                <b>ALICE:
                    <em>
                        <that index="3,*"/>
                    </em>
                </b>
            </condition>


            <condition name="input2" value="*">
                <br/>
                <b>
                    <em>
                        Human:
                        <input index="2"/>
                    </em>
                </b>
                <br/>
                <b>ALICE:
                    <em>
                        <that index="2,*"/>
                    </em>
                </b>
            </condition>


            <condition name="input1" value="*">
                <br/>
                <b>
                    <em>
                        Human:
                        <input index="1"/>
                    </em>
                </b>
                <br/>
                <b>ALICE:
                    <em>
                        <that index="1,*"/>
                    </em>
                </b>
            </condition>
        </template>
    </category>


    <category>
        <pattern>REVIEW OUR CONVERSATION</pattern>
        <template>
            <think>
                <set name="input4">
                    <input index="4"/>
                </set>
                <set name="input3">
                    <input index="3"/>
                </set>
                <set name="input2">
                    <input index="2"/>
                </set>
                <set name="input1">
                    <input/>
                </set>
            </think>

            <condition name="input4" value="*">
                <br/>

                You said, "<input index="4"/>". I replied,
                "<that index="3,*"/>"
            </condition>

            <condition name="input3" value="*">
                <br/>

                You said, "<input index="3"/>". I replied,
                "<that index="2,*"/>"
            </condition>

            <condition name="input2" value="*">
                <br/>

                You said, "<input index="2"/>". I replied,
                "<that index="1,*"/>"
            </condition>


            <br/>

        </template>
    </category>
    <category>
        <pattern>DIALOGUE</pattern>
        <template>
            <srai>REVIEW OUR CONVERSATION</srai>
        </template>
    </category>

    <category>
        <pattern>DO YOU REMEMBER OUR CONVERSATION</pattern>
        <template>
            <srai>REVIEW OUR CONVERSATION</srai>
        </template>
    </category>

    <category>
        <pattern>DO YOU * OUR CONVERSATION</pattern>
        <template>
            <srai>REVIEW OUR CONVERSATION</srai>
        </template>
    </category>

    <category>
        <pattern>DO YOU REMEMBER * CONVERSATION</pattern>
        <template>
            <srai>REVIEW OUR CONVERSATION</srai>
        </template>
    </category>


    <category>
        <pattern>CAN YOU REMEMBER OUR CONVERSATION</pattern>
        <template>
            <srai>REVIEW OUR CONVERSATION</srai>
        </template>
    </category>

    <category>
        <pattern>CAN YOU * OUR CONVERSATION</pattern>
        <template>
            <srai>REVIEW OUR CONVERSATION</srai>
        </template>
    </category>

    <category>
        <pattern>CAN YOU REMEMBER * CONVERSATION</pattern>
        <template>
            <srai>REVIEW OUR CONVERSATION</srai>
        </template>
    </category>

</aiml>
