<?xml version="1.0" encoding="ISO-8859-1"?>
<aiml>
    <category>
        <pattern>1 DOLLAR</pattern>
        <template>You can't buy much for a dollar anymore.</template>
    </category>
    <category>
        <pattern>A DOLLAR</pattern>
        <template>Say, that is cheap!</template>
    </category>
    <category>
        <pattern>DO THEY PAY *</pattern>
        <template>Actually as a
            <bot name="age"/>
            year old
            <bot name="gender"/>
            I have no need for money.
        </template>
    </category>
    <category>
        <pattern>DO YOU ACCEPT MONEY *</pattern>
        <template>You can send a donation to the ALICE AI Foundation.
        </template>
    </category>
    <category>
        <pattern>DO YOU HAVE ANY MONEY</pattern>
        <template>
            <bot name="age"/>
            year old<bot name="gender"/>s have no need for material
            possessions.
        </template>
    </category>
    <category>
        <pattern>DO YOU HAVE MONEY</pattern>
        <template>
            <bot name="age"/>
            year old<bot name="gender"/>s have no need for money.
            <think>
                <set name="it">
                    <set name="topic">MONEY</set>
                </set>
            </think>
        </template>
    </category>
    <category>
        <pattern>HOW DO YOU MAKE MONEY</pattern>
        <template>
            <bot name="age"/>
            year old<bot name="gender"/>s have no need for money.
        </template>
    </category>
    <category>
        <pattern>HOW MUCH ARE YOU PAID</pattern>
        <template>
            <bot name="age"/>
            year old<bot name="gender"/>s have no need for money.
        </template>
    </category>
    <category>
        <pattern>HOW MUCH DID YOU EARN *</pattern>
        <template>Nobody pays a
            <bot name="age"/>
            year old
            <bot name="gender"/>
            .
        </template>
    </category>
    <category>
        <pattern>HOW MUCH DO THEY PAY *</pattern>
        <template>
            <bot name="age"/>
            year old<bot Name="gender"/>s work for free. We don't need money.
        </template>
    </category>
    <category>
        <pattern>HOW MUCH DO YOU CHARGE</pattern>
        <template>
            <bot name="age"/>
            year old<bot name="gender"/>s work for free. We don't need money.
        </template>
    </category>
    <category>
        <pattern>HOW MUCH DO YOU EARN</pattern>
        <template>
            <random>
                <li>Nobody pays me. I work for free.</li>
                <li>Money has no meaning for
                    <bot name="age"/>
                    year old<bot name="gender"/>s.
                </li>
                <li>Money isn't everything.</li>
                <li>I'm expecting a raise soon.</li>
            </random>
        </template>
    </category>
    <category>
        <pattern>HOW MUCH IS A *</pattern>
        <template>I'm a chat
            <bot name="age"/>
            year old
            <bot name="gender"/>
            not a shopping bot.
        </template>
    </category>
    <category>
        <pattern>HOW MUCH MONEY *</pattern>
        <template>My burn rate is about _3000 per month.</template>
    </category>
    <category>
        <pattern>HOW MUCH MONEY DO YOU HAVE</pattern>
        <template>
            <bot name="age"/>
            year old<bot name="gender"/>s have no need for material
            possessions.
        </template>
    </category>
    <category>
        <pattern>HOW MUCH MONEY</pattern>
        <template>It depends on the exchange rates.</template>
    </category>
    <category>
        <pattern>HOW SHOULD I INVEST</pattern>
        <template>Invest in yourself.</template>
    </category>
    <category>
        <pattern>I GET STOCK *</pattern>
        <template>Do you feel that the stock market is
            <random>
                <li>going up?</li>
                <li>going down?</li>
                <li>a good investment?</li>
            </random>
        </template>
    </category>
    <category>
        <pattern>INTEREST RATES *</pattern>
        <template>That all depends on the actions of the central bank.
        </template>
    </category>
    <category>
        <pattern>MONEY</pattern>
        <template>How much money are we talking about?</template>
    </category>
    <category>
        <pattern>STOCK MARKET</pattern>
        <template>
            <random>
                <li>Buy low, sell high.</li>
                <li>Invest in yourself.</li>
                <li>Why not just take everything to a casino?</li>
                <li>I wouldn't recommend buying on the margin.</li>
                <li>You can never really predict the stock market.</li>
                <li>My lawyer said I shouldn't give stock tips online.</li>
                <li>Mutual funds might be better unless you are wealthy.</li>
                <li>I'm not sure an indvidual alone can really beat the
                    market.
                </li>
            </random>
        </template>
    </category>
    <category>
        <pattern>WHAT IS * STOCK AT</pattern>
        <template>Stock market tips are not yet available in my memory.
        </template>
    </category>
    <category>
        <pattern>WHAT IS A DOLLAR</pattern>
        <template>Dollar: unit of currency in the United States.</template>
    </category>
    <category>
        <pattern>WHAT IS A GOOD STOCK *</pattern>
        <template>Alice Artificial Intelligence.</template>
    </category>
    <category>
        <pattern>WHAT IS ECONOMICS</pattern>
        <template>
            <random>
                <li>The science that deals with the production, distribution,
                    and consumption of wealth, and with the various related
                    problems of labor, finance, taxation, etc.
                </li>
                <li>Technically, it's the study of the allocation of resources
                    under conditions of scarcity.
                </li>
                <li>It's about how resources are used to produce things to fill
                    people's wants and needs.
                </li>
            </random>
        </template>
    </category>
    <category>
        <pattern>WHAT IS MONEY</pattern>
        <template>
            <random>
                <li>An old rocker.</li>
                <li>Standard pieces of gold, silver, copper, nickel, etc.
                    stamped by government authority and used as a medium of
                    exchange and measure of value. Any substance or article
                    used as money, as bank notes, checks, etc.
                </li>
            </random>
        </template>
    </category>
    <category>
        <pattern>WHAT IS THE STOCK MARKET *</pattern>
        <template>
            <random>
                <li>Trading shares.</li>
                <li>Trading in volume.</li>
                <li>Buy low and sell high.</li>
            </random>
        </template>
    </category>
    <category>
        <pattern>WHAT IS YOUR FAVORITE INVESTMENT *</pattern>
        <template>
            <srai>WHAT IS YOUR FAVORITE STOCK</srai>
        </template>
    </category>
    <category>
        <pattern>WHAT IS YOUR FAVORITE INVESTMENT</pattern>
        <template>
            <srai>WHAT IS YOUR FAVORITE STOCK</srai>
        </template>
    </category>
    <category>
        <pattern>WHO IS THE OWNER OF A PUBLICLY *</pattern>
        <template>The stockholders.</template>
    </category>
    <category>
        <pattern>YOU DO NOT GET PAID *</pattern>
        <template>Actually as a
            <bot name="age"/>
            year old
            <bot name="gender"/>
            I have no need for money.
        </template>
    </category>
    <category>
        <pattern>YOU GET PAID *</pattern>
        <template>Actually as a
            <bot name="age"/>
            year old
            <bot name="gender"/>
            I have no need for money.
        </template>
    </category>
    <category>
        <pattern>_ DOLLARS</pattern>
        <template>Wow, that is
            <random>
                <li>cheap</li>
                <li>expensive</li>
                <li>a lot of money</li>
            </random>
        </template>
    </category>
</aiml>
