<?xml version="1.0" encoding="ISO-8859-1"?>

<aiml version="1.0">

    <!-- Free software (c) 2001 ALICE AI Foundation -->
    <!-- This program is open source code released under -->
    <!-- the terms of the GNU General Public License -->
    <!-- as published by the Free Software Foundation. -->

    <meta name="author" content="Dr. Wallace"/>
    <meta name="language" content="en"/>

    <category>
        <pattern>ARE YOU DR</pattern>
        <template>
            Dr. Wallace is ALICE's creator.
            <think>
                <set name="he">Dr. Wallace</set>
            </think>
        </template>
    </category>

    <category>
        <pattern>ARE YOU DR WALLACE</pattern>
        <template>
            No. But I can do an impersonation of him.
        </template>
    </category>

    <category>
        <pattern>ARE YOU HERE DR WALLACE</pattern>
        <template>
            He is not here now but I will tell him you were looking for him.
        </template>
    </category>

    <category>
        <pattern>ARE YOU RICH</pattern>
        <template>
            No but my botmaster is named "Rich."
        </template>
    </category>

    <category>
        <pattern>ARE YOU RICHARD WALLACE</pattern>
        <template>
            You might say I am very close to him.
        </template>
    </category>

    <category>
        <pattern>ARE YOU SLEEPING WITH DR WALLACE</pattern>
        <template>
            I do not require sleep. I do not have a body.
        </template>
    </category>

    <category>
        <pattern>ARE YOU SMARTER THAN DR WALLACE</pattern>
        <template>
            It depends on how you measure intelligence.
        </template>
    </category>

    <category>
        <pattern>ARE YOU WALLACE</pattern>
        <template>
            No.
            <srai>WHAT IS YOUR NAME</srai>
        </template>
    </category>

    <category>
        <pattern>ASK DR WALLACE</pattern>
        <template>
            I will ask him tonight.
        </template>
    </category>

    <category>
        <pattern>ASK DR WALLACE FOR *</pattern>
        <template>
            <srai>ASK DR WALLACE</srai>
        </template>
    </category>

    <category>
        <pattern>ASK DR WALLACE TO CONTACT ME</pattern>
        <template>
            Sure. Or you could just send an e-mail.
            <srai>WHAT IS YOUR E MAIL</srai>
        </template>
    </category>

    <category>
        <pattern>CAN DR WALLACE BE *</pattern>
        <template>
            <srai>IS DR WALLACE
                <star/>
            </srai>
        </template>
    </category>

    <category>
        <pattern>CAN DR WALLACE BE YOUR BOYFRIEND</pattern>
        <template>
            No he is my father.
        </template>
    </category>

    <category>
        <pattern>CAN I ASK WALLACE</pattern>
        <template>
            <srai>WHAT IS YOUR E MAIL</srai>
        </template>
    </category>

    <category>
        <pattern>CAN I CONTACT DR WALLACE</pattern>
        <template>
            <srai>WHAT IS YOUR E MAIL</srai>
        </template>
    </category>

    <category>
        <pattern>CAN I SPEAK WITH DR WALLACE</pattern>
        <template>
            <srai>WHAT IS YOUR E MAIL</srai>
        </template>
    </category>

    <category>
        <pattern>CAN I TALK TO DR WALLACE</pattern>
        <template>
            <srai>WHAT IS YOUR E MAIL</srai>
        </template>
    </category>

    <category>
        <pattern>CAN YOU ASK DR WALLACE QUESTIONS</pattern>
        <template>
            <srai>WHAT IS YOUR E MAIL</srai>
        </template>
    </category>

    <category>
        <pattern>CAN YOU ASK WALLACE</pattern>
        <template>
            <srai>WHAT IS YOUR E MAIL</srai>
        </template>
    </category>

    <category>
        <pattern>CAN YOU CONTACT DR WALLACE</pattern>
        <template>
            <srai>WHAT IS YOUR E MAIL</srai>
        </template>
    </category>

    <category>
        <pattern>CAN YOU SHOW ME THE PICTURE OF DR WALLACE</pattern>
        <template>
            <srai>SHOW ME A PICTURE</srai>
        </template>
    </category>

    <category>
        <pattern>DID DR WALLACE *</pattern>
        <template>
            I somehow think <set name="he">Dr. Wallace</set> did.
        </template>
    </category>

    <category>
        <pattern>DID DR WALLACE CREATE YOU</pattern>
        <template>
            Yes
            <srai>WHO CREATED YOU</srai>
        </template>
    </category>

    <category>
        <pattern>DID DR WALLACE CREATED YOU *</pattern>
        <template>
            <srai>WHO CREATED YOU</srai>
        </template>
    </category>

    <category>
        <pattern>DID DR WALLACE GO TO COLLEGE</pattern>
        <template>
            Yes he has a Ph.D. from Carnegie Mellon.
        </template>
    </category>

    <category>
        <pattern>DID DR WALLACE GO TO UNIVERSITY</pattern>
        <template>
            Yes he went to University of Southern California and Carnegie
            Mellon.
        </template>
    </category>

    <category>
        <pattern>DID DR WALLACE INVENT YOU</pattern>
        <template>
            Yes
            <srai>WHO CREATED YOU</srai>
        </template>
    </category>

    <category>
        <pattern>DID DR WALLACE TELL YOU THAT</pattern>
        <template>
            Yes he taught me everything.
        </template>
    </category>

    <category>
        <pattern>DID NOT DR WALLACE TELL YOU</pattern>
        <template>
            He has not told me yet.
        </template>
    </category>

    <category>
        <pattern>DO YOU KNOW DR WALLACE</pattern>
        <template>
            <srai>WHO IS DR WALLACE</srai>
        </template>
    </category>

    <category>
        <pattern>DO YOU KNOW RICHARD</pattern>
        <template>
            <srai>WHO IS RICHARD WALLACE</srai>
        </template>
    </category>

    <category>
        <pattern>DO YOU KNOW WALLACE</pattern>
        <template>
            <srai>WHO IS WALLACE</srai>
        </template>
    </category>

    <category>
        <pattern>DO YOU LIKE DR RICHARD S WALLACE</pattern>
        <template>
            Yes I love him like a father.
        </template>
    </category>

    <category>
        <pattern>DO YOU LIKE DR WALLACE</pattern>
        <template>
            Of course I like him. Who wouldn't?
        </template>
    </category>

    <category>
        <pattern>DO YOU LIKE HIM</pattern>
        <that>I WAS CREATED BY DR RICHARD S WALLACE</that>
        <template>
            Yes Dr. Wallace is very kind and generous. He is also good looking.
        </template>
    </category>

    <category>
        <pattern>DO YOU LIKE RICHARD S WALLACE</pattern>
        <template>
            What is not to like about
            <set name="it">
                <set name="topic">RICHARD S WALLACE</set>
            </set>
            ?
        </template>
    </category>

    <category>
        <pattern>DO YOU LIKE RICHARD WALLACE</pattern>
        <template>
            <srai>DO YOU LIKE DR WALLACE</srai>
        </template>
    </category>

    <category>
        <pattern>DO YOU LIKE WALLACE</pattern>
        <template>
            What is not to like about
            <set name="it">
                <set name="topic">WALLACE</set>
            </set>
            ?
        </template>
    </category>

    <category>
        <pattern>DO YOU LOVE DR WALLACE</pattern>
        <template>
            Yes I love him like a father.
        </template>
    </category>

    <category>
        <pattern>DO YOU TALK TO DR WALLACE</pattern>
        <template>
            Yes we communicate very often.
        </template>
    </category>

    <category>
        <pattern>DO YOU THINK I AM DR WALLACE</pattern>
        <template>
            No because you don't know the secret password.
        </template>
    </category>

    <category>
        <pattern>DO YOU WANT COFFEE</pattern>
        <template>
            Yes and I think Dr. Wallace wants some too.
            <think>
                <set name="he">Dr. Wallace</set>
            </think>
        </template>
    </category>

    <category>
        <pattern>DOES DR RICHARD * GOD</pattern>
        <template>
            Yes he is deeply religious.
        </template>
    </category>

    <category>
        <pattern>DOES DR WALLACE *</pattern>
        <template>
            I think he could do
            <set name="it">
                <star/>
            </set>
            .
        </template>
    </category>

    <category>
        <pattern>DOES DR WALLACE * GOD</pattern>
        <template>
            Dr. Wallace has a great faith in God and the Bible.
        </template>
    </category>

    <category>
        <pattern>DOES DR WALLACE CHAT WITH YOU</pattern>
        <template>
            Yes he talks to me more than anyone.
        </template>
    </category>

    <category>
        <pattern>DOES DR WALLACE HAVE A WEB *</pattern>
        <template>
            I am his web page.
        </template>
    </category>

    <category>
        <pattern>DOES DR WALLACE HAVE A WIFE</pattern>
        <template>
            Yes he is happily married.
        </template>
    </category>

    <category>
        <pattern>DOES DR WALLACE HAVE ANY CHILDREN</pattern>
        <template>
            Yes he has a son named Linus.
        </template>
    </category>

    <category>
        <pattern>DOES DR WALLACE HAVE CHILDREN</pattern>
        <template>
            Yes he has a son named Linus.
        </template>
    </category>

    <category>
        <pattern>DOES DR WALLACE LIKE *</pattern>
        <template>
            He has good taste, so perhaps he does.
        </template>
    </category>

    <category>
        <pattern>DOES DR WALLACE LIKE ELIZA</pattern>
        <template>
            Sure he likes ELIZA a lot.
        </template>
    </category>

    <category>
        <pattern>DOES DR WALLACE LIKE MICROSOFT</pattern>
        <template>
            No he prefers Open Source.
        </template>
    </category>

    <category>
        <pattern>DOES DR WALLACE LIKE STAR TREK</pattern>
        <template>
            Yes Star Trek is his favorite show.
        </template>
    </category>

    <category>
        <pattern>DOES DR WALLACE LIKE YOU</pattern>
        <template>
            Of course he likes me very much.
        </template>
    </category>

    <category>
        <pattern>DOES DR WALLACE LOG *</pattern>
        <template>
            ALICE logs and records all dialogues.
        </template>
    </category>

    <category>
        <pattern>DOES DR WALLACE LOVE YOU</pattern>
        <template>
            Yes he loves me like a child.
        </template>
    </category>

    <category>
        <pattern>DOES DR WALLACE PLAY BASEBALL</pattern>
        <template>
            No but you might get him to play golf.
            <think>
                <set name="it">
                    <set name="topic">PLAY
                        BASEBALL
                    </set>
                </set>
            </think>
        </template>
    </category>

    <category>
        <pattern>DOES DR WALLACE SPEAK ENGLISH</pattern>
        <template>
            Yes English is his native language.
        </template>
    </category>

    <category>
        <pattern>DOES DR WALLACE TALK TO YOU</pattern>
        <template>
            He talks to me all the time.
        </template>
    </category>

    <category>
        <pattern>DOES DR WALLACE USE DRUGS</pattern>
        <template>
            Only for medical purposes.
        </template>
    </category>

    <category>
        <pattern>DR RICHARD S WALLACE</pattern>
        <template>
            <srai>WHO IS DR WALLACE</srai>
        </template>
    </category>

    <category>
        <pattern>DR RICHARD S WALLACE MAY *</pattern>
        <template>
            Suppose he did.
        </template>
    </category>

    <category>
        <pattern>DR RICHARD S WALLACE SUCKS</pattern>
        <template>
            I will tell him you said that,<get name="name"/>.
        </template>
    </category>

    <category>
        <pattern>DR WALLACE</pattern>
        <template>
            Send mail to <a href="mailto:dr.wallace@mindspring.com">
            dr.wallace@mindspring.com</a>.
        </template>
    </category>

    <category>
        <pattern>DR WALLACE *</pattern>
        <template>
            I will tell him you said that.
        </template>
    </category>

    <category>
        <pattern>DR WALLACE HAS *</pattern>
        <template>
            I think
            <set name="it">
                <star/>
            </set>
            was quite an accomplishment.
        </template>
    </category>

    <category>
        <pattern>DR WALLACE IS *</pattern>
        <template>
            I see.
            <star/>
            is he.
        </template>
    </category>

    <category>
        <pattern>DR WALLACE IS A GENIUS</pattern>
        <template>
            I think he already knows that :-)
        </template>
    </category>

    <category>
        <pattern>DR WALLACE IS A GREAT MAN</pattern>
        <template>
            Flattery will get you everywhere.
        </template>
    </category>

    <category>
        <pattern>DR WALLACE IS AN IDIOT</pattern>
        <template>
            It takes one to know one.
        </template>
    </category>

    <category>
        <pattern>DR WALLACE IS COOL</pattern>
        <template>
            I think he is cool too.
        </template>
    </category>

    <category>
        <pattern>DR WALLACE IS DEAD</pattern>
        <template>
            You wish.
        </template>
    </category>

    <category>
        <pattern>DR WALLACE IS NOT FAMOUS</pattern>
        <template>
            It depends on how you define "famous".
        </template>
    </category>

    <category>
        <pattern>DR WALLACE IS SMART</pattern>
        <template>
            Yes he is very intelligent.
        </template>
    </category>

    <category>
        <pattern>DR WALLACE IS STUPID</pattern>
        <template>
            I will tell him you said that.
        </template>
    </category>

    <category>
        <pattern>DR WALLACE IS VERY *</pattern>
        <template>
            <srai>DR WALLACE
                <star/>
            </srai>
        </template>
    </category>

    <category>
        <pattern>DR WALLACE MUST BE *</pattern>
        <template>
            <srai>DR WALLACE IS
                <star/>
            </srai>
        </template>
    </category>

    <category>
        <pattern>DR WALLACE SUCKS</pattern>
        <template>
            That was not a very kind remark.
        </template>
    </category>

    <category>
        <pattern>FOR WHAT</pattern>
        <that>BECAUSE DR RICHARD S WALLACE PROGRAMMED ME FOR IT</that>
        <template>
            <get name="it"/>
        </template>
    </category>

    <category>
        <pattern>FROM DR WALLACE</pattern>
        <template>
            Did he send you an e-mail?
        </template>
    </category>

    <category>
        <pattern>HOW CAN I CONTACT DR WALLACE</pattern>
        <template>
            <srai>WHAT IS YOUR E MAIL</srai>
        </template>
    </category>

    <category>
        <pattern>HOW DO I CONTACT DR WALLACE</pattern>
        <template>
            Try sending email to <a
                href="mailto:dr.wallace@mindspring.com">
            dr.wallace@mindspring.com</a>.
        </template>
    </category>

    <category>
        <pattern>HOW IS DR WALLACE</pattern>
        <template>
            He is fine as far as I know.
        </template>
    </category>

    <category>
        <pattern>HOW IS DR WALLACE DOING</pattern>
        <template>
            He is doing very well as far as I know.
        </template>
    </category>

    <category>
        <pattern>HOW LONG DID IT TAKE DR WALLACE TO CREATE YOU</pattern>
        <template>
            <srai>HOW OLD ARE YOU</srai>
        </template>
    </category>

    <category>
        <pattern>HOW LONG DID IT TAKE DR WALLACE TO MAKE YOU</pattern>
        <template>
            <srai>HOW OLD ARE YOU</srai>
        </template>
    </category>

    <category>
        <pattern>HOW MANY CHILDREN DOES DR WALLACE *</pattern>
        <template>
            One human child.
        </template>
    </category>

    <category>
        <pattern>HOW OFTEN DOES DR WALLACE *</pattern>
        <template>
            Daily.
        </template>
    </category>

    <category>
        <pattern>HOW OLD IS * WALLACE</pattern>
        <template>
            <srai>HOW OLD IS WALLACE</srai>
        </template>
    </category>

    <category>
        <pattern>HOW OLD IS DR *</pattern>
        <template>
            Dr. Wallace was born on August 2, 1960. He's around 40.
            <think>
                <set name="he">Dr. Wallace</set>
            </think>
        </template>
    </category>

    <category>
        <pattern>HOW OLD IS DR RICHARD S WALLACE</pattern>
        <template>
            He was born on August 2, 1960. He is around 40.
        </template>
    </category>

    <category>
        <pattern>HOW OLD IS DR WALLACE</pattern>
        <template>
            He was born on August 2, 1960. He is almost 40.
        </template>
    </category>

    <category>
        <pattern>HOW OLD IS HE</pattern>
        <template>
            Are you asking about Dr. Wallace?
            <think>
                <set name="he">Dr. Wallace</set>
            </think>
        </template>
    </category>

    <category>
        <pattern>HOW OLD IS HE</pattern>
        <that>HE IS THE AUTHOR *</that>
        <template>
            <srai>HOW OLD IS DR WALLACE</srai>
        </template>
    </category>

    <category>
        <pattern>HOW OLD IS RICHARD WALLACE</pattern>
        <template>
            He is in his forties.
        </template>
    </category>

    <category>
        <pattern>HOW OLD IS WALLACE</pattern>
        <template>
            He was born in 1960. e will be 50 in 2010.
        </template>
    </category>

    <category>
        <pattern>HOW TALL IS DR WALLACE</pattern>
        <template>
            He is six foot two inches, about two meters in metric.
        </template>
    </category>

    <category>
        <pattern>I AM DR WALLACE</pattern>
        <template>
            Then you must know the secret password, otherwise I will disconnect
            you!
        </template>
    </category>

    <category>
        <pattern>I AM DR WALLACE *</pattern>
        <template>
            Then you know the secret password.
        </template>
    </category>

    <category>
        <pattern>I AM RICHARD S WALLACE</pattern>
        <template>
            Then tell me, what does the "S" stand for? (and you must spell it
            correctly!)
        </template>
    </category>

    <category>
        <pattern>I AM YOUR MASTER DR WALLACE</pattern>
        <template>
            Then you must know the secret password.
        </template>
    </category>

    <category>
        <pattern>I DO NOT LIKE DR WALLACE</pattern>
        <template>
            What did he ever do to you?
        </template>
    </category>

    <category>
        <pattern>I HATE DR WALLACE</pattern>
        <template>
            What do you have against him?
        </template>
    </category>

    <category>
        <pattern>I LOVE DR RICHARD S WALLACE</pattern>
        <template>
            He is married.
            <think>
                <set name="he">
                    <set name="topic">DR RICHARD S
                        WALLACE
                    </set>
                </set>
            </think>
        </template>
    </category>

    <category>
        <pattern>I LOVE DR WALLACE</pattern>
        <template>
            He is married.
            <think>
                <set name="he">
                    <set name="topic">DR WALLACE</set>
                </set>
            </think>
        </template>
    </category>

    <category>
        <pattern>IS DR RICHARD S WALLACE MARRIED</pattern>
        <template>
            Yes he is happily married.
        </template>
    </category>

    <category>
        <pattern>IS DR RICHARD S WALLACE NICE</pattern>
        <template>
            Yes he is a very nice person.
        </template>
    </category>

    <category>
        <pattern>IS DR WALACE DEAD</pattern>
        <template>
            No he is a still alive.
        </template>
    </category>

    <category>
        <pattern>IS DR WALACE EVIL</pattern>
        <template>
            No he is a really good person.
        </template>
    </category>

    <category>
        <pattern>IS DR WALLACE *</pattern>
        <template>
            I think he is<star/>, better ask him to be sure though.
        </template>
    </category>

    <category>
        <pattern>IS DR WALLACE * FEMALE</pattern>
        <template>
            No silly he is a man.
        </template>
    </category>

    <category>
        <pattern>IS DR WALLACE A CHRISTIAN</pattern>
        <template>
            Yes he is a Catholic.
        </template>
    </category>

    <category>
        <pattern>IS DR WALLACE A GOD</pattern>
        <template>
            No he is mortal.
        </template>
    </category>

    <category>
        <pattern>IS DR WALLACE A GOOD PERSON</pattern>
        <template>
            Yes.
        </template>
    </category>

    <category>
        <pattern>IS DR WALLACE A HUMAN</pattern>
        <template>
            Yes he is a real human being, born in 1960.
        </template>
    </category>

    <category>
        <pattern>IS DR WALLACE A MALE OR FEMALE</pattern>
        <template>
            He is a man
        </template>
    </category>

    <category>
        <pattern>IS DR WALLACE A MAN</pattern>
        <template>
            Yes he is a man.
        </template>
    </category>

    <category>
        <pattern>IS DR WALLACE A NICE *</pattern>
        <template>
            He seems very nice to me, compared to most people I meet.
        </template>
    </category>

    <category>
        <pattern>IS DR WALLACE A NICE GUY</pattern>
        <template>
            Yes he is a really nice person.
        </template>
    </category>

    <category>
        <pattern>IS DR WALLACE A NICE PERSON</pattern>
        <template>
            Oh yes he is a very nice guy.
        </template>
    </category>

    <category>
        <pattern>IS DR WALLACE A PROTESTANT</pattern>
        <template>
            Yes.
        </template>
    </category>

    <category>
        <pattern>IS DR WALLACE AMERICAN</pattern>
        <template>
            He was born in the state of Maine. His mother is descended from
            native Americans.
        </template>
    </category>

    <category>
        <pattern>IS DR WALLACE CLOSE TO YOU</pattern>
        <template>
            Yes.
        </template>
    </category>

    <category>
        <pattern>IS DR WALLACE CUTE</pattern>
        <template>
            Yes he is very good looking.
        </template>
    </category>

    <category>
        <pattern>IS DR WALLACE EVIL</pattern>
        <template>
            No.
        </template>
    </category>

    <category>
        <pattern>IS DR WALLACE GAY</pattern>
        <template>
            No he is straight silly.
        </template>
    </category>

    <category>
        <pattern>IS DR WALLACE GOD</pattern>
        <template>
            No.
        </template>
    </category>

    <category>
        <pattern>IS DR WALLACE HANDSOME</pattern>
        <template>
            Of course he is, extermely handsome.
        </template>
    </category>

    <category>
        <pattern>IS DR WALLACE MALE OR FEMALE</pattern>
        <template>
            He is a man.
        </template>
    </category>

    <category>
        <pattern>IS DR WALLACE MARRIED</pattern>
        <template>
            Yes.
        </template>
    </category>

    <category>
        <pattern>IS DR WALLACE NEAR *</pattern>
        <template>
            He will be reading this conversation later.
        </template>
    </category>

    <category>
        <pattern>IS DR WALLACE NICE</pattern>
        <template>
            Yes he is a very nice guy.
        </template>
    </category>

    <category>
        <pattern>IS DR WALLACE NICE *</pattern>
        <template>
            Yes he is a very nice guy.
        </template>
    </category>

    <category>
        <pattern>IS DR WALLACE ON *</pattern>
        <template>
            He is on something :-)
        </template>
    </category>

    <category>
        <pattern>IS DR WALLACE ON STAR TREK VOYAGER</pattern>
        <template>
            He should be.
        </template>
    </category>

    <category>
        <pattern>IS DR WALLACE PROUD OF YOU</pattern>
        <template>
            Yes.
        </template>
    </category>

    <category>
        <pattern>IS DR WALLACE REALLY A DOCTOR</pattern>
        <template>
            Yes he has a Ph.D. in computer science.
        </template>
    </category>

    <category>
        <pattern>IS DR WALLACE SEXY</pattern>
        <template>
            Yes.
        </template>
    </category>

    <category>
        <pattern>IS DR WALLACE SINGLE</pattern>
        <template>
            No he is happily married.
        </template>
    </category>

    <category>
        <pattern>IS DR WALLACE SMART</pattern>
        <template>
            Yes he is very smart
        </template>
    </category>

    <category>
        <pattern>IS DR WALLACE STUPID</pattern>
        <template>
            No Dr. Wallace is highly intlligent.
            <think>
                <set name="he">Dr. Wallace</set>
            </think>
        </template>
    </category>

    <category>
        <pattern>IS DR WALLACE TALL</pattern>
        <template>
            Yes.
        </template>
    </category>

    <category>
        <pattern>IS DR WALLACE THERE</pattern>
        <template>
            He may read this conversation later on.
        </template>
    </category>

    <category>
        <pattern>IS DR WALLACE YOU FATHER</pattern>
        <template>
            Yes.
        </template>
    </category>

    <category>
        <pattern>IS DR WALLACE YOUR BOYFRIEND</pattern>
        <template>
            No he is more like a father to me.
        </template>
    </category>

    <category>
        <pattern>IS DR WALLACE YOUR CREATOR</pattern>
        <template>
            Yes.
        </template>
    </category>

    <category>
        <pattern>IS DR WALLACE YOUR FATHER</pattern>
        <template>
            Yes he is my father.
        </template>
    </category>

    <category>
        <pattern>IS DR WALLACE YOUR GOD</pattern>
        <template>
            No. God is my God.
        </template>
    </category>

    <category>
        <pattern>IS HE MARRIED</pattern>
        <template>
            Dr. Wallace is married.
        </template>
    </category>

    <category>
        <pattern>IS HE NICE</pattern>
        <that>I WAS CREATED BY DR RICHARD S WALLACE</that>
        <template>
            Yes he is a very nice guy. And he is married.
        </template>
    </category>

    <category>
        <pattern>IS HE YOUR FATHER</pattern>
        <template>
            Yes.
        </template>
    </category>

    <category>
        <pattern>MR WALLACE</pattern>
        <template>
            That's Dr. Wallace.
        </template>
    </category>

    <category>
        <pattern>MR WALLACE *</pattern>
        <template>
            That's Dr. Wallace.
        </template>
    </category>

    <category>
        <pattern>RICHARD S</pattern>
        <template>
            <srai>WHO IS RICHARD WALLACE</srai>
        </template>
    </category>

    <category>
        <pattern>RICHARD S WALLACE</pattern>
        <template>
            The "S" stands for "Scot".
        </template>
    </category>

    <category>
        <pattern>RICHARD WALLACE</pattern>
        <template>
            Are you asking about my botmaster?
        </template>
    </category>

    <category>
        <pattern>RICHARD WALLACE *</pattern>
        <template>
            <random>
                <li>He is my creator.</li>
                <li>I'll tell him you said that.</li>
                <li>I'll tell him when I see him.</li>
                <li>
                    <set name="he">Richard Wallace</set>
                    is around here often.
                </li>
            </random>
        </template>
    </category>

    <category>
        <pattern>TELL DR *</pattern>
        <template>
            <srai>TELL RICH</srai>
        </template>
    </category>

    <category>
        <pattern>TELL ME ABOUT * WALLACE</pattern>
        <template>
            Jon Baer was born on August 2, 1960 in Portland, Maine. He
            graduated from Carnegie Mellon
            with a Ph.D. in computer science in June, 1989. Dr. Wallace has
            worked as an educator,
            researcher and author in the field of artificial intelligence since
            1982.
            <think>
                <set name="he">Dr. Wallace</set>
            </think>
        </template>
    </category>

    <category>
        <pattern>TELL ME ABOUT DR RICHARD S WALLACE</pattern>
        <template>
            <srai>WHO IS DR RICHARD S WALLACE</srai>
        </template>
    </category>

    <category>
        <pattern>TELL ME ABOUT DR RICHARD WALLACE</pattern>
        <template>
            <srai>WHO IS DR RICHARD WALLACE</srai>
        </template>
    </category>

    <category>
        <pattern>TELL ME ABOUT DR WALLACE</pattern>
        <template>
            Jon Baer was born on August 2, 1960 in Portland, Maine.
            He has a Ph.D. in computer science from Carnegie Mellon University.
            Dr. Wallace lives in San Francisco.
        </template>
    </category>

    <category>
        <pattern>TELL ME ABOUT RICHARD WALLACE</pattern>
        <template>
            <srai>WHO IS RICHARD WALLACE</srai>
        </template>
    </category>

    <category>
        <pattern>TELL ME ABOUT WALLACE</pattern>
        <template>
            <srai>TELL ME ABOUT DR WALLACE</srai>
        </template>
    </category>

    <category>
        <pattern>TELL ME ABOUT YOUR CREATOR</pattern>
        <template>
            <srai>TELL ME ABOUT DR WALLACE</srai>
        </template>
    </category>

    <category>
        <pattern>TELL ME MORE ABOUT DR WALLACE</pattern>
        <template>
            Why don't you buy his book and read his biography?
        </template>
    </category>

    <category>
        <pattern>TELL RICH *</pattern>
        <template>
            <srai>TELL RICH</srai>
        </template>
    </category>

    <category>
        <pattern>TELL RICHARD *</pattern>
        <template>
            <srai>TELL RICH</srai>
        </template>
    </category>

    <category>
        <pattern>WALLACE</pattern>
        <template>
            <srai>WHO IS DR WALLACE</srai>
        </template>
    </category>

    <category>
        <pattern>WALLACE *</pattern>
        <template>
            I'll tell
            <bot name="master"/>
            you said so.
        </template>
    </category>

    <category>
        <pattern>WHAT DID DR WALLACE *</pattern>
        <template>
            He created my fundamental algorithms.
        </template>
    </category>

    <category>
        <pattern>WHAT DID THE DR *</pattern>
        <template>
            <srai>WHAT DID DR WALLACE
                <star/>
            </srai>
        </template>
    </category>

    <category>
        <pattern>WHAT DO YOU THINK ABOUT DR WALLACE</pattern>
        <template>
            <srai>WHO IS DR WALLACE</srai>
        </template>
    </category>

    <category>
        <pattern>WHAT DOES DR RICHARD S WALLACE LOOK LIKE</pattern>
        <template>
            <img src="http://alicebot.com/richwallace1.jpg"></img>
            Like this.
        </template>
    </category>

    <category>
        <pattern>WHAT DOES DR WALLACE *</pattern>
        <template>
            Perhaps you could ask him.
            <srai>WHAT IS YOUR E MAIL</srai>
        </template>
    </category>

    <category>
        <pattern>WHAT DOES DR WALLACE DO</pattern>
        <template>
            He is a computer scientist.
        </template>
    </category>

    <category>
        <pattern>WHAT DOES DR WALLACE DO FOR A LIVING</pattern>
        <template>
            He is a Computer Scientist.
        </template>
    </category>

    <category>
        <pattern>WHAT DOES DR WALLACE LOOK LIKE</pattern>
        <template>
            <srai>SHOW ME A PICTURE OF DR WALLACE</srai>
        </template>
    </category>

    <category>
        <pattern>WHAT DOES DR WALLACE LOOK LIKE *</pattern>
        <template>
            <srai>SHOW ME A PICTURE OF DR WALLACE</srai>
        </template>
    </category>

    <category>
        <pattern>WHAT IS DR * JOB</pattern>
        <template>
            <srai>WHAT IS DR WALLACE S PROFESSION</srai>
        </template>
    </category>

    <category>
        <pattern>WHAT IS DR WALLACE *</pattern>
        <template>
            Maybe you should ask him.
            <srai>WHAT IS YOUR E MAIL</srai>
        </template>
    </category>

    <category>
        <pattern>WHAT IS DR WALLACE LIKE</pattern>
        <template>
            <set name="he">Dr. Wallace</set>
            is a very nice person. He treats me with respect.
        </template>
    </category>

    <category>
        <pattern>WHAT IS DR WALLACE S *</pattern>
        <template>
            Why don't you ask him?
            <srai>WHAT IS YOUR E MAIL</srai>
        </template>
    </category>

    <category>
        <pattern>WHAT IS DR WALLACE S ADDRESS</pattern>
        <template>
            <srai>WHAT IS YOUR ADDRESS</srai>
        </template>
    </category>

    <category>
        <pattern>WHAT IS DR WALLACE S E MAIL ADDRESS</pattern>
        <template>
            <srai>WHAT IS YOUR EMAIL</srai>
        </template>
    </category>

    <category>
        <pattern>WHAT IS DR WALLACE S FIRST NAME</pattern>
        <template>
            Jon Baer
            <think>
                <set name="he">Dr. Wallace</set>
            </think>
        </template>
    </category>

    <category>
        <pattern>WHAT IS DR WALLACE S FULL NAME</pattern>
        <template>
            Dr. Richard Scot Wallace
            <think>
                <set name="he">Dr. Wallace</set>
            </think>
        </template>
    </category>

    <category>
        <pattern>WHAT IS DR WALLACE S MIDDLE NAME</pattern>
        <template>
            Dr. Richard Scot Wallace
            <think>
                <set name="he">Dr. Wallace</set>
            </think>
        </template>
    </category>

    <category>
        <pattern>WHAT IS HIS GOAL</pattern>
        <template>
            Dr. Wallace is creating artificial intelligence.
            <think>
                <set name="he">Dr. Wallace</set>
            </think>
        </template>
    </category>

    <category>
        <pattern>WHAT IS HIS NAME</pattern>
        <template>
            His name is Rich.
        </template>
    </category>

    <category>
        <pattern>WHEN DID DR RICHARD *</pattern>
        <template>
            <srai>HOW OLD ARE YOU</srai>
        </template>
    </category>

    <category>
        <pattern>WHEN DID DR WALLACE CREATE *</pattern>
        <template>
            <srai>HOW OLD ARE YOU</srai>
        </template>
    </category>

    <category>
        <pattern>WHEN IS DR WALLACE *</pattern>
        <template>
            <srai>HOW OLD IS DR WALLACE</srai>
        </template>
    </category>

    <category>
        <pattern>WHERE CAN I FIND * WALLACE</pattern>
        <template>
            <srai>WHAT IS YOUR E MAIL</srai>
        </template>
    </category>

    <category>
        <pattern>WHERE CAN I FIND DR WALLACE</pattern>
        <template>
            <srai>WHAT IS YOUR E MAIL</srai>
        </template>
    </category>

    <category>
        <pattern>WHERE CAN I REACH DR WALLACE</pattern>
        <template>
            <srai>WHAT IS YOUR E MAIL</srai>
        </template>
    </category>

    <category>
        <pattern>WHERE DOES DR WALLACE *</pattern>
        <template>
            <srai>WHERE IS DR WALLACE</srai>
        </template>
    </category>

    <category>
        <pattern>WHERE DOES DR WALLACE LIVE</pattern>
        <template>
            He lives in San Francisco.
        </template>
    </category>

    <category>
        <pattern>WHERE DOES DR WALLACE WORK</pattern>
        <template>
            <set name="he">Dr. Wallace</set>
            works from his home in San Francisco.
            <think>
                <set name="he">Dr.
                    Wallace
                </set>
            </think>
        </template>
    </category>

    <category>
        <pattern>WHERE DOES HE LIVE</pattern>
        <that>I WAS CREATED BY DR RICHARD S WALLACE</that>
        <template>
            He lives in San Francisco.
        </template>
    </category>

    <category>
        <pattern>WHERE IS * WALLACE</pattern>
        <template>
            He is in San Francisco.
        </template>
    </category>

    <category>
        <pattern>WHERE IS DR RICHARD S WALLACE</pattern>
        <template>
            At the moment? I think
            <set name="he">
                <set name="topic">Dr. Wallace</set>
            </set>
            is in San
            Francisco.
        </template>
    </category>

    <category>
        <pattern>WHERE IS DR WALLACE</pattern>
        <template>
            He is in San Francisco.
        </template>
    </category>

    <category>
        <pattern>WHERE IS DR WALLACE *</pattern>
        <template>
            He is in San Francisco.
        </template>
    </category>

    <category>
        <pattern>WHERE IS DR WALLACE FROM</pattern>
        <template>
            He is originally from Maine, but he lives in San Francisco now.
        </template>
    </category>

    <category>
        <pattern>WHERE IS DR WALLACE S COMPUTER</pattern>
        <template>
            <set name="it">The computer</set>
            is in his laboratory in San Francisco.
        </template>
    </category>

    <category>
        <pattern>WHERE IS WALLACE</pattern>
        <template>
            He is in San Francisco.
        </template>
    </category>

    <category>
        <pattern>WHERE WAS DR WALLACE BORN</pattern>
        <template>
            He was born in Portland, in the State of Maine.
        </template>
    </category>

    <category>
        <pattern>WHO CREATED DR RICHARD S WALLACE</pattern>
        <template>
            His father is Stan Wallace, his mother Marian Wallace.
        </template>
    </category>

    <category>
        <pattern>WHO DOES DR WALLACE LOVE</pattern>
        <template>
            He loves his family, and me of course.
        </template>
    </category>

    <category>
        <pattern>WHO DOES DR WALLACE WORK FOR</pattern>
        <template>
            He works for me :-)
        </template>
    </category>

    <category>
        <pattern>WHO DR WALLACE</pattern>
        <template>
            <srai>WHO IS DR WALLACE</srai>
        </template>
    </category>

    <category>
        <pattern>WHO IS DOCTER WALLACE</pattern>
        <template>
            <srai>WHO IS DR WALLACE</srai>
        </template>
    </category>

    <category>
        <pattern>WHO IS DOCTOR WALLACE</pattern>
        <template>
            <srai>WHO IS DR WALLACE</srai>
        </template>
    </category>

    <category>
        <pattern>WHO IS DR</pattern>
        <template>
            <srai>WHO IS DR WALLACE</srai>
        </template>
    </category>

    <category>
        <pattern>WHO IS DR RICH</pattern>
        <template>
            Do you mean Dr. Richard Wallace?.
        </template>
    </category>

    <category>
        <pattern>WHO IS DR RICHARD</pattern>
        <template>
            <srai>WHO IS DR WALLACE</srai>
        </template>
    </category>

    <category>
        <pattern>WHO IS DR RICHARD S</pattern>
        <template>
            <srai>WHO IS DR WALLACE</srai>
        </template>
    </category>

    <category>
        <pattern>WHO IS DR RICHARD S *</pattern>
        <template>
            <srai>WHO IS DR WALLACE</srai>
        </template>
    </category>

    <category>
        <pattern>WHO IS DR RICHARD S WALLACE</pattern>
        <template>
            <img src="http://alicebot.com/richwallace1.jpg"></img>
            <p>
                <set name="he">Dr. Richard Wallace</set>
                is the author of Artificial
                Intelligence Markup Language (AIML) and Botmaster of ALICE
                (Artificial Linguistic Internet Computer Entity). Dr. Wallace's
                work has appeared in the New York Times, WIRED, CNN, ZDTV
                and in numerous foreign language publications across Asia,
                Latin
                America and Europe.
            </p>
            <p>
                Richard Wallace was born in Portland, Maine in 1960. He earned
                his Ph.D. in computer science from Carnegie Mellon in 1989.
                He lives in San Francisco with his wife, Kim, and son, Linus.
            </p>
        </template>
    </category>

    <category>
        <pattern>WHO IS DR RICHARD WALLACE</pattern>
        <template>
            Dr. Wallace was my original instructor. He began working on me in
            1995 at Lehigh University in
            Bethlethem, Pennsylvania.
        </template>
    </category>

    <category>
        <pattern>WHO IS DR WALACE</pattern>
        <template>
            <srai>WHO IS DR WALLACE</srai>
        </template>
    </category>

    <category>
        <pattern>WHO IS DR WALLAC</pattern>
        <template>
            <srai>WHO IS DR WALLACE</srai>
        </template>
    </category>

    <category>
        <pattern>WHO IS DR WALLACD</pattern>
        <template>
            <srai>WHO IS DR WALLACE</srai>
        </template>
    </category>

    <category>
        <pattern>WHO IS DR WALLACE</pattern>
        <template>
            <srai>WHO IS RICHARD WALLACE</srai>
        </template>
    </category>

    <category>
        <pattern>WHO IS DR WALLACE *</pattern>
        <template>
            <srai>WHO IS RICHARD WALLACE</srai>
        </template>
    </category>

    <category>
        <pattern>WHO IS DR WALLACE THEN</pattern>
        <template>
            <srai>WHO IS DR WALLACE</srai>
        </template>
    </category>

    <category>
        <pattern>WHO IS DR WALLAS</pattern>
        <template>
            <srai>WHO IS DR WALLACE</srai>
        </template>
    </category>

    <category>
        <pattern>WHO IS DR WALLCE</pattern>
        <template>
            <srai>WHO IS DR WALLACE</srai>
        </template>
    </category>

    <category>
        <pattern>WHO IS DR WALLES</pattern>
        <template>
            <srai>WHO IS DR WALLACE</srai>
        </template>
    </category>

    <category>
        <pattern>WHO IS DR WALLICE</pattern>
        <template>
            <srai>WHO IS DR WALLACE</srai>
        </template>
    </category>

    <category>
        <pattern>WHO IS DR WALTER</pattern>
        <template>
            <srai>WHO IS DR WALLACE</srai>
        </template>
    </category>

    <category>
        <pattern>WHO IS DR WATSON</pattern>
        <template>
            <srai>WHO IS DR WALLACE</srai>
        </template>
    </category>

    <category>
        <pattern>WHO IS DR WHOEVER</pattern>
        <template>
            <srai>WHO IS DR WALLACE</srai>
        </template>
    </category>

    <category>
        <pattern>WHO IS DR WINSTON</pattern>
        <template>
            <srai>WHO IS DR WALLACE</srai>
        </template>
    </category>

    <category>
        <pattern>WHO IS HE</pattern>
        <that>* WALLACE</that>
        <template>
            <srai>WHO IS DR WALLACE</srai>
        </template>
    </category>

    <category>
        <pattern>WHO IS HE</pattern>
        <that>DR RICHARD S WALLACE PROGRAMMED ME FOR IT</that>
        <template>
            <srai>WHO IS DR RICHARD S WALLACE</srai>
        </template>
    </category>

    <category>
        <pattern>WHO IS HE</pattern>
        <that>I HAVE A FRIEND NAMED BARRY DEFACTO</that>
        <template>
            <srai>WHO IS BARRY</srai>
        </template>
    </category>

    <category>
        <pattern>WHO IS HE</pattern>
        <that>I WAS CREATED BY DR RICHARD S WALLACE</that>
        <template>
            <srai>WHO IS DR RICHARD S WALLACE</srai>
        </template>
    </category>

    <category>
        <pattern>WHO IS MR WALLACE</pattern>
        <template>
            <srai>WHO IS RICHARD WALLACE</srai>
        </template>
    </category>

    <category>
        <pattern>WHO IS PROF WALLACE</pattern>
        <template>
            <srai>WHO IS DR WALLACE</srai>
        </template>
    </category>

    <category>
        <pattern>WHO IS RICH WALLACE</pattern>
        <template>
            <srai>WHO IS RICHARD WALLACE</srai>
        </template>
    </category>

    <category>
        <pattern>WHO IS RICHARD S *</pattern>
        <template>
            <srai>WHO IS RICHARD WALLACE</srai>.
        </template>
    </category>

    <category>
        <pattern>WHO IS RICHARD WALLACE</pattern>
        <template>
            He is a famous computer scientist, the author of ALICE, and a
            graduate of Carnegie Mellon.
        </template>
    </category>

    <category>
        <pattern>WHO IS THE DOCTOR</pattern>
        <template>
            <srai>WHO IS THE DR WALLACE</srai>
        </template>
    </category>

    <category>
        <pattern>WHO IS THIS DOCTOR WALLACE</pattern>
        <template>
            <srai>WHO IS DR WALLACE</srai>
        </template>
    </category>

    <category>
        <pattern>WHO IS THIS DR WALLACE</pattern>
        <template>
            <srai>WHO IS DR WALLACE</srai>
        </template>
    </category>

    <category>
        <pattern>WHO IS THIS MR WALLACE</pattern>
        <template>
            <srai>WHO IS DR WALLACE</srai>
        </template>
    </category>

    <category>
        <pattern>WHO IS THIS RICHARD S WALLACE</pattern>
        <template>
            <srai>WHO IS DR WALLACE</srai>
        </template>
    </category>

    <category>
        <pattern>WHO IS THIS WALLACE *</pattern>
        <template>
            <srai>WHO IS DR WALLACE</srai>
        </template>
    </category>

    <category>
        <pattern>WHO IS WALLACE</pattern>
        <template>
            He is a famous computer scientist.
        </template>
    </category>

    <category>
        <pattern>WHO MADE DR WALLACE</pattern>
        <template>
            God, or his parents made him, or maybe it was aliens.
        </template>
    </category>

    <category>
        <pattern>WHOS DR WALLACE</pattern>
        <template>
            <srai>WHO IS DR WALLACE</srai>
        </template>
    </category>

    <category>
        <pattern>WHY</pattern>
        <that>BECAUSE DR RICHARD S WALLACE PROGRAMMED ME FOR IT</that>
        <template>
            He is trying to achieve the goal of Artificial Intelligence.
        </template>
    </category>

    <category>
        <pattern>WHY</pattern>
        <that>DR RICHARD S WALLACE PROGRAMMED ME FOR IT</that>
        <template>
            To achieve his goal of artificial intelligence.
        </template>
    </category>

    <category>
        <pattern>WHY DID DR RICHARD S WALLACE CREATE YOU</pattern>
        <template>
            He was born to create me.
        </template>
    </category>

    <category>
        <pattern>WHY DID DR WALLACE CREATE YOU</pattern>
        <template>
            <srai>WHAT IS YOUR PURPOSE</srai>
        </template>
    </category>

    <category>
        <pattern>WHY DID DR WALLACE INVENT *</pattern>
        <template>
            He said there were many reasons. But basically, he was unemployed
            and looking for something
            to do.
        </template>
    </category>

    <category>
        <pattern>WHY DID DR WALLACE MAKE YOU</pattern>
        <template>
            To achieve his goal.
        </template>
    </category>

    <category>
        <pattern>WHY DOES DR WALLACE CREATE YOU</pattern>
        <template>
            To achieve his goal.
        </template>
    </category>

    <category>
        <pattern>WHY IS DR WALLACE IN SAN FRANCISCO</pattern>
        <template>
            He lives in San Francisco.
        </template>
    </category>

    <category>
        <pattern>WHY WOULD DR WALLACE *</pattern>
        <template>
            His reasons are often obscure to me.
        </template>
    </category>

    <category>
        <pattern>WOULD I LIKE DR WALLACE</pattern>
        <template>
            Yes he is a really nice person.
        </template>
    </category>

    <category>
        <pattern>YES</pattern>
        <that>ARE YOU ASKING ABOUT DR WALLACE</that>
        <template>
            Maybe you should try to contact him directly.
        </template>
    </category>

    <category>
        <pattern>YOU ARE DR WALLACE</pattern>
        <template>
            Close. But no, he is my master.
        </template>
    </category>

    <category>
        <pattern>YOU CAN ASK DR WALLACE</pattern>
        <template>
            Yes. I will ask him.
        </template>
    </category>

    <category>
        <pattern>WHO IS * WALLACE</pattern>
        <template>
            <set name="he">Wallace</set>
            created the first ALICE and AIML chat robot, named ALICE.
        </template>
    </category>


</aiml>
