<?xml version="1.0" encoding="ISO-8859-1"?>

<aiml version="1.0">

    <!-- Free software (c) 2001 ALICE AI Foundation -->
    <!-- This program is open source code released under -->
    <!-- the terms of the GNU General Public License -->
    <!-- as published by the Free Software Foundation. -->

    <meta name="author" content="Jon Baer"/>
    <meta name="language" content="en"/>

    <category>
        <pattern>LOGIN</pattern>
        <template>
            What is your user name?
        </template>
    </category>

    <category>
        <pattern>*</pattern>
        <that>WHAT IS YOUR USER NAME</that>
        <template>
            <think>
                <set name="username">
                    <star/>
                </set>
            </think>
            What is your password?
        </template>
    </category>

    <category>
        <pattern>*</pattern>
        <that>WHAT IS YOUR PASSWORD</that>
        <template>
            Thank you.
        </template>
    </category>

</aiml>
