<?xml version="1.0" encoding="UTF-8"?>
<aiml>
    <category>
        <pattern>GENDERNAME
            <set>name</set>
        </pattern>
        <template>
            <map>
                <name>gendername</name>
                <star/>
            </map>
        </template>
    </category>
    <category>
        <pattern>GENDERNAME *</pattern>
        <template>unknown</template>
    </category>
    <category>
        <pattern>WHAT IS WHAT</pattern>
        <template>Well, that makes no sense.</template>
    </category>
</aiml>
